filename,type
C:\Users\chris\OneDrive\Documents\School\Thesis\river-feature-extraction-model/images/misclassified/4b609961-76cd-46fd-90c9-5cdf38041a4e.jpg,misclassified
C:\Users\chris\OneDrive\Documents\School\Thesis\river-feature-extraction-model/images/misclassified/9c6e9413-413c-4431-944e-a54a90e0d408.jpg,misclassified
C:\Users\chris\OneDrive\Documents\School\Thesis\river-feature-extraction-model/images/misclassified/a26b1e19-5de7-4863-a47f-f641fdd2d89b.jpg,misclassified
C:\Users\chris\OneDrive\Documents\School\Thesis\river-feature-extraction-model/images/misclassified/33d907a1-8771-4f31-b749-a2252138f96f.jpg,misclassified
C:\Users\chris\OneDrive\Documents\School\Thesis\river-feature-extraction-model/images/misclassified/cb0354b8-af18-4b87-840d-5c0fdf73054e.jpg,misclassified
C:\Users\chris\OneDrive\Documents\School\Thesis\river-feature-extraction-model/images/misclassified/f5168e47-b507-40a4-b543-2db85267ce6a.jpg,misclassified
C:\Users\chris\OneDrive\Documents\School\Thesis\river-feature-extraction-model/images/misclassified/c1f1cf1d-1186-4671-becd-a709240f9117.jpg,misclassified
C:\Users\chris\OneDrive\Documents\School\Thesis\river-feature-extraction-model/images/misclassified/7ee968f0-31e5-44d7-9ffb-a623119d042e.jpg,misclassified
C:\Users\chris\OneDrive\Documents\School\Thesis\river-feature-extraction-model/images/misclassified/91fda40e-0171-42fa-84d8-1a0204773c5b.jpg,misclassified
C:\Users\chris\OneDrive\Documents\School\Thesis\river-feature-extraction-model/images/misclassified/cf6f72ed-6974-4a7f-a66d-5e537486fb21.jpg,misclassified
C:\Users\chris\OneDrive\Documents\School\Thesis\river-feature-extraction-model/images/misclassified/434f0d35-d0f2-4c58-afba-19fc1cdacaea.jpg,misclassified
C:\Users\chris\OneDrive\Documents\School\Thesis\river-feature-extraction-model/images/misclassified/75c8b497-e871-4284-a100-1033269afd26.jpg,misclassified
C:\Users\chris\OneDrive\Documents\School\Thesis\river-feature-extraction-model/images/misclassified/afa131ee-c6df-4a5a-80b7-132d27321028.jpg,misclassified
C:\Users\chris\OneDrive\Documents\School\Thesis\river-feature-extraction-model/images/misclassified/de5e36e8-a7e5-4277-b465-2d2c9f311284.jpg,misclassified
C:\Users\chris\OneDrive\Documents\School\Thesis\river-feature-extraction-model/images/misclassified/04b80d67-1ba7-4b67-927c-aecaf800d8de.jpg,misclassified
C:\Users\chris\OneDrive\Documents\School\Thesis\river-feature-extraction-model/images/misclassified/994f184d-af42-43fc-8ef9-957c0389ac30.jpg,misclassified
C:\Users\chris\OneDrive\Documents\School\Thesis\river-feature-extraction-model/images/misclassified/a0f6261a-73fa-4e06-aae6-61578a7a1941.jpg,misclassified
C:\Users\chris\OneDrive\Documents\School\Thesis\river-feature-extraction-model/images/misclassified/aa51c739-30fd-4401-9827-9ccfe17a16b9.jpg,misclassified
C:\Users\chris\OneDrive\Documents\School\Thesis\river-feature-extraction-model/images/misclassified/3c290cf0-9b14-4243-b1af-fea164e0ff72.jpg,misclassified
C:\Users\chris\OneDrive\Documents\School\Thesis\river-feature-extraction-model/images/misclassified/0e3ddbb1-086b-41a8-98e7-ac1c8b6f38fd.jpg,misclassified
C:\Users\chris\OneDrive\Documents\School\Thesis\river-feature-extraction-model/images/misclassified/f3d48b29-84a0-4786-8734-98c9d45d543e.jpg,misclassified
C:\Users\chris\OneDrive\Documents\School\Thesis\river-feature-extraction-model/images/misclassified/5ffa8e01-9549-4275-9ad7-f1cdf43dd7fd.jpg,misclassified
C:\Users\chris\OneDrive\Documents\School\Thesis\river-feature-extraction-model/images/misclassified/81543ee9-e5d3-45e3-96d0-f53d00bbf4ed.jpg,misclassified
C:\Users\chris\OneDrive\Documents\School\Thesis\river-feature-extraction-model/images/misclassified/3f1ba3fa-75bf-44a5-968a-4e187bec4895.jpg,misclassified
C:\Users\chris\OneDrive\Documents\School\Thesis\river-feature-extraction-model/images/misclassified/f0b79b96-538d-4ebe-a40f-75b388985a1e.jpg,misclassified
C:\Users\chris\OneDrive\Documents\School\Thesis\river-feature-extraction-model/images/misclassified/0d4b0b84-1cde-470d-989e-41c9ea9946d9.jpg,misclassified
C:\Users\chris\OneDrive\Documents\School\Thesis\river-feature-extraction-model/images/misclassified/317466ac-eebf-425a-bc45-6ab05d3094da.jpg,misclassified
C:\Users\chris\OneDrive\Documents\School\Thesis\river-feature-extraction-model/images/misclassified/a62efd36-f477-4ca2-ab9e-12b0dedcb0e5.jpg,misclassified
C:\Users\chris\OneDrive\Documents\School\Thesis\river-feature-extraction-model/images/misclassified/d05199fc-bfdd-4b40-b6f7-c8ffa81fc83b.jpg,misclassified
C:\Users\chris\OneDrive\Documents\School\Thesis\river-feature-extraction-model/images/misclassified/6cbf1a68-4977-4deb-97f5-a268058b78ef.jpg,misclassified
C:\Users\chris\OneDrive\Documents\School\Thesis\river-feature-extraction-model/images/misclassified/268e621d-1e1e-469d-bbab-92923c1ac93f.jpg,misclassified
C:\Users\chris\OneDrive\Documents\School\Thesis\river-feature-extraction-model/images/misclassified/dafa5de6-36cc-4e15-ab21-58e2486f5759.jpg,misclassified
C:\Users\chris\OneDrive\Documents\School\Thesis\river-feature-extraction-model/images/misclassified/f5dc0973-6848-4ef4-8132-717f116f9fa9.jpg,misclassified
C:\Users\chris\OneDrive\Documents\School\Thesis\river-feature-extraction-model/images/misclassified/e94da03b-8070-4018-95e1-186d4f681d79.jpg,misclassified
C:\Users\chris\OneDrive\Documents\School\Thesis\river-feature-extraction-model/images/misclassified/dc955a89-31f3-4f02-b4d6-a687751e5d00.jpg,misclassified
C:\Users\chris\OneDrive\Documents\School\Thesis\river-feature-extraction-model/images/misclassified/ab75cacd-7759-4282-a73b-51d7fe7cf0ec.jpg,misclassified
C:\Users\chris\OneDrive\Documents\School\Thesis\river-feature-extraction-model/images/misclassified/27449b1f-18a9-42dd-b972-d21211fdbfb5.jpg,misclassified
C:\Users\chris\OneDrive\Documents\School\Thesis\river-feature-extraction-model/images/misclassified/877d8bcb-a42b-469c-8e97-a0e0e907b005.jpg,misclassified
C:\Users\chris\OneDrive\Documents\School\Thesis\river-feature-extraction-model/images/misclassified/50106691-3b3c-46b9-88ad-7e7e62b835d3.jpg,misclassified
C:\Users\chris\OneDrive\Documents\School\Thesis\river-feature-extraction-model/images/misclassified/3fa45073-a246-4623-ba89-d90084fb6465.jpg,misclassified
C:\Users\chris\OneDrive\Documents\School\Thesis\river-feature-extraction-model/images/misclassified/93ef3ba7-d34f-4914-862c-06d24c85bc24.jpg,misclassified
C:\Users\chris\OneDrive\Documents\School\Thesis\river-feature-extraction-model/images/misclassified/60583cfb-d081-4b93-9522-b0793b911d8b.jpg,misclassified
C:\Users\chris\OneDrive\Documents\School\Thesis\river-feature-extraction-model/images/misclassified/edf6a2e0-6132-4fe6-bf7d-8f02dd569ca7.jpg,misclassified
C:\Users\chris\OneDrive\Documents\School\Thesis\river-feature-extraction-model/images/misclassified/5ced9cf6-48c6-4737-ae15-ba9df256b7df.jpg,misclassified
C:\Users\chris\OneDrive\Documents\School\Thesis\river-feature-extraction-model/images/misclassified/8f9e178c-b334-431b-ba37-91260d269208.jpg,misclassified
